supplier_id,price_competitiveness,cost_variability,total_spend,order_frequency,average_delivery_delay,quality_rejection_rate,on_time_delivery_rate,average_late_days
SUP-001,0.9728176293726969,0.09082612369650933,2180952.04,107,0.12149532710280374,0.009345794392523364,0.9345794392523364,0.12149532710280374
SUP-002,0.970539131812399,0.089810962551436,83912380.83,4172,0.2579098753595398,0.014621284755512944,0.8914189837008629,0.2579098753595398
SUP-003,1.090914564149763,0.08849843173365829,10388962.85,456,0.3706140350877193,0.017543859649122806,0.868421052631579,0.3706140350877193
SUP-004,1.0515341104677185,0.08476027557713475,1426125.23,67,0.208955223880597,0.0,0.9104477611940298,0.208955223880597
SUP-005,1.0996930977035286,0.08232377918368944,2972062.85,127,0.33070866141732286,0.007874015748031496,0.8740157480314961,0.33070866141732286
SUP-006,1.1170165774657392,0.08836083307117534,13568470.46,581,0.2874354561101549,0.027538726333907058,0.8726333907056799,0.2874354561101549
SUP-007,0.9653550252574248,0.09781965994038656,802591.36,38,0.21052631578947367,0.0,0.9210526315789473,0.21052631578947367
SUP-008,1.0005997719741038,0.16411142504112783,12990183.01,637,10.693877551020408,0.1130298273155416,0.04081632653061224,10.693877551020408
SUP-009,0.9799749793010344,0.08919691097732568,4548352.31,226,0.2168141592920354,0.008849557522123894,0.9026548672566371,0.2168141592920354
SUP-010,1.0447022120070348,0.08781638293233943,2794370.23,128,0.15625,0.0,0.8984375,0.15625
SUP-011,1.052415777217994,0.07548112831872336,16616.72,5,0.2,0.0,0.8,0.2
SUP-012,1.0356004311154985,0.050989992464766945,91482.57,21,0.19047619047619047,0.047619047619047616,0.9047619047619048,0.19047619047619047
SUP-013,1.087846105175458,0.04155992302134069,33797.3,6,0.3333333333333333,0.0,0.8333333333333334,0.3333333333333333
SUP-014,0.9687065814427441,0.05783977803899665,123286.53,30,0.5333333333333333,0.0,0.9,0.5333333333333333
SUP-015,1.0047588968063565,0.09068287918660596,39222.45,8,0.5,0.0,0.625,0.5
SUP-016,1.0005075567602764,0.06072092216537607,24672186.74,5384,0.26411589895988113,0.014673105497771174,0.8985884101040119,0.26411589895988113
SUP-017,0.8650236417430043,0.060818696750092924,159054.13,37,0.3783783783783784,0.02702702702702703,0.8378378378378378,0.3783783783783784
SUP-018,1.0555659242940427,0.13015855655651243,628062.57,125,10.44,0.16,0.04,10.44
SUP-019,0.9818131884371666,0.06306366045907605,252265.79,47,0.425531914893617,0.0,0.8297872340425532,0.425531914893617
SUP-020,0.8607718051837786,0.040258280660917994,46084.99,12,0.6666666666666666,0.0,0.8333333333333334,0.6666666666666666
SUP-021,0.9098446585281242,0.07961014318918094,127900.75,31,0.0,0.0,1.0,0.0
SUP-022,0.9546280444926428,0.13427262554088149,8084096.02,469,0.27505330490405117,0.008528784648187633,0.8827292110874201,0.27505330490405117
SUP-023,0.9038328357762623,0.1236554195937542,1346224.7,85,0.29411764705882354,0.03529411764705882,0.8941176470588236,0.29411764705882354
SUP-024,1.0352240406094986,0.14021604149179842,5970367.25,330,0.30606060606060603,0.00909090909090909,0.8878787878787879,0.30606060606060603
SUP-025,1.0376209098327098,0.12903566178631493,16010733.91,855,0.2409356725146199,0.014035087719298246,0.895906432748538,0.2409356725146199
SUP-026,1.0540180484910298,0.13785464793924762,1197009.98,63,0.49206349206349204,0.015873015873015872,0.8095238095238095,0.49206349206349204
SUP-027,1.001351073155357,0.10928265360989524,1286274.39,71,0.09859154929577464,0.0,0.9436619718309859,0.09859154929577464
SUP-028,1.0421175706562908,0.12521065775209225,21206582.0,1144,0.25524475524475526,0.013111888111888112,0.8872377622377622,0.25524475524475526
SUP-029,1.01165348046612,0.18569878061015546,6746321.83,384,10.817708333333334,0.109375,0.0546875,10.817708333333334
SUP-030,0.9389270931003286,0.1267524339185863,350282.48,21,0.09523809523809523,0.047619047619047616,0.9047619047619048,0.09523809523809523
SUP-031,1.0494592016882014,0.12142038857332528,340737.54000000004,18,0.4444444444444444,0.0,0.8333333333333334,0.4444444444444444
SUP-032,0.888354497588329,0.12955743811041853,11105069.03,693,0.2741702741702742,0.024531024531024532,0.9004329004329005,0.2741702741702742
SUP-033,0.9006004099194664,0.13001768582745693,7735372.63,479,0.24217118997912318,0.012526096033402923,0.8977035490605428,0.24217118997912318
SUP-034,1.0091573874147004,0.13502179348572022,12181112.88,690,0.2753623188405797,0.014492753623188406,0.8927536231884058,0.2753623188405797
SUP-035,0.994528922193113,0.1370370130342782,3134437.0,181,0.19889502762430938,0.0055248618784530384,0.8895027624309392,0.19889502762430938
SUP-036,1.0774281471974805,0.1309934269364978,11943662.41,640,0.3171875,0.015625,0.875,0.3171875
SUP-037,1.0455153026824742,0.05949361278600396,136771.16,46,0.391304347826087,0.0,0.8478260869565217,0.391304347826087
SUP-038,1.0497963711409282,0.05335984191480033,5403804.6,1820,0.23956043956043957,0.013736263736263736,0.8972527472527473,0.23956043956043957
SUP-039,0.8999181045751191,0.055330776667982556,875849.45,346,0.2254335260115607,0.014450867052023121,0.9132947976878613,0.2254335260115607
SUP-040,1.0614862275855934,0.05367461812317046,3252242.39,1107,0.3107497741644083,0.018066847335140017,0.8807588075880759,0.3107497741644083
SUP-041,1.0068977676872986,0.057161084019180707,248742.74,96,0.34375,0.010416666666666666,0.875,0.34375
SUP-042,0.8951094156778234,0.057897022618352265,229228.0,93,0.4838709677419355,0.010752688172043012,0.8709677419354839,0.4838709677419355
SUP-043,1.0480701344294239,0.052408593571205,886208.16,294,0.32653061224489793,0.023809523809523808,0.8877551020408163,0.32653061224489793
SUP-044,0.9581279281715076,0.05063159944747842,908607.45,345,0.2289855072463768,0.011594202898550725,0.8985507246376812,0.2289855072463768
SUP-045,0.9167358737992084,0.05380175858932587,468904.38,177,0.23728813559322035,0.022598870056497175,0.8983050847457628,0.23728813559322035
SUP-046,0.9447963293939258,0.14110562281225972,4896798.27,1848,10.496753246753247,0.11688311688311688,0.05519480519480519,10.496753246753247
SUP-047,1.066352749270042,0.0661757045208009,152757.48,35,0.02857142857142857,0.02857142857142857,0.9714285714285714,0.02857142857142857
SUP-048,1.1249969737895553,0.06973475114628423,324352.72,59,0.1694915254237288,0.0,0.8983050847457628,0.1694915254237288
SUP-049,0.9347647605990078,0.06502244873955568,237036.07,59,0.3220338983050847,0.0,0.8813559322033898,0.3220338983050847
SUP-050,0.968352188406342,0.06664249996452669,4566720.9,1047,0.23209169054441262,0.011461318051575931,0.8987583572110793,0.23209169054441262
SUP-051,0.9842797794292801,0.06684189479347238,10012041.29,2212,0.2897830018083183,0.014918625678119348,0.8847197106690777,0.2897830018083183
SUP-052,0.967819025280316,0.06623115583804451,3259532.52,718,0.2646239554317549,0.023676880222841225,0.8997214484679665,0.2646239554317549
SUP-053,1.0092009624184197,0.0689597497169566,1349961.36,290,0.33793103448275863,0.0034482758620689655,0.8896551724137931,0.33793103448275863
SUP-054,1.0094064326294345,0.0671955988791148,1741708.3699999999,370,0.21351351351351353,0.010810810810810811,0.9027027027027027,0.21351351351351353
SUP-055,1.081728320180253,0.06503016579078066,2753904.93,560,0.16607142857142856,0.019642857142857142,0.9267857142857143,0.16607142857142856
SUP-056,1.161405434277546,0.06826724380949398,1170242.79,206,0.20388349514563106,0.019417475728155338,0.8980582524271845,0.20388349514563106
SUP-057,0.9971795097346774,0.05303198956476185,11565869.77,1649,0.20921770770163736,0.012734990903577926,0.908429351121892,0.20921770770163736
SUP-058,1.0769554101352068,0.02776358569770253,49721.26,9,0.6666666666666666,0.0,0.7777777777777778,0.6666666666666666
SUP-059,1.0226598325840885,0.0523624452708004,4325802.42,591,0.26903553299492383,0.01015228426395939,0.9001692047377327,0.26903553299492383
SUP-060,0.9842832053021779,0.05181678490588403,1161818.86,172,0.31976744186046513,0.005813953488372093,0.8837209302325582,0.31976744186046513
SUP-061,0.9909909304881406,0.054614811163454305,5083778.69,715,0.23216783216783216,0.015384615384615385,0.9006993006993007,0.23216783216783216
SUP-062,1.0642282687102151,0.060899183500906666,561670.9,79,0.25316455696202533,0.0,0.8860759493670886,0.25316455696202533
SUP-063,0.9231535144515134,0.13230480469500086,294435.02,48,10.208333333333334,0.10416666666666667,0.0,10.208333333333334
SUP-064,1.0831963064212244,0.03337625669404111,113526.39,15,0.0,0.0,1.0,0.0
SUP-065,0.9145658183465916,0.05221484954018316,236963.28,35,0.05714285714285714,0.0,0.9428571428571428,0.05714285714285714
SUP-066,1.0097217039828472,0.0202567262508926,45419.78,7,0.0,0.0,1.0,0.0
SUP-067,1.0278711084709762,0.0508719422647353,52130.36,50,0.52,0.02,0.84,0.52
SUP-068,0.9066377332309103,0.04189894391976474,24136.62,23,0.17391304347826086,0.0,0.9130434782608695,0.17391304347826086
SUP-069,0.8647934640593076,0.0479483425270807,135677.66,155,0.27741935483870966,0.0064516129032258064,0.864516129032258,0.27741935483870966
SUP-070,1.040782160774599,0.04345557941673598,16387.47,18,0.2222222222222222,0.0,0.8888888888888888,0.2222222222222222
SUP-071,1.02348037217139,0.039793838686584176,42677.9,41,0.5365853658536586,0.0,0.7804878048780488,0.5365853658536586
SUP-072,1.0172480459697208,0.047803454215859374,2613675.05,2462,0.23639317627944761,0.010966693744922826,0.8976441917140536,0.23639317627944761
SUP-073,0.9738619826651572,0.056578824475012245,56781.73,51,0.11764705882352941,0.0,0.9019607843137255,0.11764705882352941
SUP-074,0.9425898431013323,0.045709847442912836,144871.05,156,0.30128205128205127,0.00641025641025641,0.8910256410256411,0.30128205128205127
SUP-075,0.9488359165023691,0.05474809516251431,44062.01,42,0.19047619047619047,0.0,0.9047619047619048,0.19047619047619047
SUP-076,0.941670480750374,0.0460752860740395,55800.73,59,0.2033898305084746,0.0,0.9152542372881356,0.2033898305084746
SUP-077,0.9140192426582384,0.04685412393780457,116641.33,121,0.1487603305785124,0.0,0.9090909090909091,0.1487603305785124
SUP-078,0.9291191870288791,0.14181217217333725,187468.95,193,11.005181347150259,0.09844559585492228,0.07253886010362694,11.005181347150259
SUP-079,1.0189322718888674,0.05039656629668272,1010624.74,925,0.21513513513513513,0.016216216216216217,0.9048648648648648,0.21513513513513513
SUP-080,1.0157233307617608,0.04394993366675857,71442.59,15,0.8,0.0,0.6666666666666666,0.8
SUP-081,0.8957421235630889,0.11137811268195606,2558860.68,471,0.2760084925690021,0.021231422505307854,0.8938428874734607,0.2760084925690021
SUP-082,0.8878485596308299,0.11457898462599107,1629892.92,304,0.27960526315789475,0.019736842105263157,0.8947368421052632,0.27960526315789475
SUP-083,1.0347783087916134,0.11352461057771376,11017400.63,1732,0.27136258660508084,0.018475750577367205,0.894919168591224,0.27136258660508084
SUP-084,1.0536640985092929,0.13487054995845024,132354.3,23,0.30434782608695654,0.043478260869565216,0.8695652173913043,0.30434782608695654
SUP-085,0.906166998817837,0.014846282851799992,17486.2,4,0.5,0.0,0.75,0.5
SUP-086,0.9438768033409434,0.11156647955899487,134862.68,25,0.16,0.0,0.92,0.16
SUP-087,0.9580917079334926,0.11000726785995688,1379428.48,242,0.2809917355371901,0.028925619834710745,0.8842975206611571,0.2809917355371901
SUP-088,0.8886401951232914,0.16467698680166679,22486.71,3,1.3333333333333333,0.0,0.6666666666666666,1.3333333333333333
SUP-089,1.0086656276815247,0.10358959057303536,65105.73,10,0.1,0.0,0.9,0.1
SUP-090,1.0369725155722715,0.10132460657628965,363398.56,56,0.07142857142857142,0.017857142857142856,0.9464285714285714,0.07142857142857142
SUP-091,0.9191064796192631,0.09818297290843876,171617.89,31,0.16129032258064516,0.03225806451612903,0.9032258064516129,0.16129032258064516
SUP-092,0.9483244409025666,0.11009673958810107,1465396.92,259,0.28957528957528955,0.007722007722007722,0.8996138996138996,0.28957528957528955
SUP-093,1.030453549164311,0.11458137038937978,9495512.06,1529,0.22302158273381295,0.016350555918901243,0.9025506867233486,0.22302158273381295
SUP-094,1.0183743150534412,0.11159821033684093,324232.8,50,0.32,0.06,0.88,0.32
SUP-095,1.0026538223282908,0.052236026510360196,12149653.63,1353,0.2675535846267554,0.015521064301552107,0.885439763488544,0.2675535846267554
SUP-096,0.8717635139222333,0.049460988923257766,221238.84,28,0.17857142857142858,0.0,0.8928571428571429,0.17857142857142858
SUP-097,0.9958946040179358,0.059689753195054394,10907185.71,1247,0.25020048115477145,0.019246190858059342,0.8933440256615878,0.25020048115477145
SUP-098,0.9183366196868665,0.058454668414050164,1020659.07,132,0.25,0.015151515151515152,0.8863636363636364,0.25
SUP-099,1.0834737938860062,0.05628762788878893,561564.06,65,0.2153846153846154,0.03076923076923077,0.8615384615384616,0.2153846153846154
SUP-100,1.0382927052502045,0.061592211079266976,1677254.91,174,0.22413793103448276,0.022988505747126436,0.896551724137931,0.22413793103448276
SUP-101,0.9525288322109823,0.05497967568733275,81096.7,10,0.0,0.0,1.0,0.0
SUP-102,0.9084111915951204,0.06065342564225184,5689957.03,710,0.23943661971830985,0.023943661971830985,0.9112676056338028,0.23943661971830985
SUP-103,1.0712682296931828,0.06334272805797353,1482987.6,156,0.38461538461538464,0.01282051282051282,0.8589743589743589,0.38461538461538464
SUP-104,1.0569810745859114,0.05495881314686138,188833.89,21,0.047619047619047616,0.0,0.9523809523809523,0.047619047619047616
SUP-105,1.0792070256631783,0.06494185615391435,6606243.68,708,0.23728813559322035,0.00847457627118644,0.8954802259887006,0.23728813559322035
SUP-106,1.0158622888314683,0.05335208589165882,519128.21,58,0.46551724137931033,0.034482758620689655,0.8448275862068966,0.46551724137931033
